city,state,slug,keyword,primary_segment,secondary_segment,market_angle
Austin,TX,austin-tx,waste hauler software Austin Texas,Roll-Off,Commercial,growing container and commercial service operations
Houston,TX,houston-tx,waste hauler software Houston Texas,Commercial,Roll-Off,managing recurring commercial routes and customer accounts
Dallas,TX,dallas-tx,waste hauler software Dallas Texas,Residential,Commercial,coordinating recurring routes and high-volume service schedules
San Antonio,TX,san-antonio-tx,waste hauler software San Antonio Texas,Mixed-Service,Roll-Off,managing multiple service lines from one operational system
Fort Worth,TX,fort-worth-tx,waste hauler software Fort Worth Texas,Roll-Off,Commercial,growing container and commercial service operations
El Paso,TX,el-paso-tx,waste hauler software El Paso Texas,Commercial,Roll-Off,managing recurring commercial routes and customer accounts
Arlington,TX,arlington-tx,waste hauler software Arlington Texas,Residential,Commercial,coordinating recurring routes and high-volume service schedules
Corpus Christi,TX,corpus-christi-tx,waste hauler software Corpus Christi Texas,Mixed-Service,Roll-Off,managing multiple service lines from one operational system
Plano,TX,plano-tx,waste hauler software Plano Texas,Roll-Off,Commercial,growing container and commercial service operations
Lubbock,TX,lubbock-tx,waste hauler software Lubbock Texas,Commercial,Roll-Off,managing recurring commercial routes and customer accounts
Laredo,TX,laredo-tx,waste hauler software Laredo Texas,Residential,Commercial,coordinating recurring routes and high-volume service schedules
Irving,TX,irving-tx,waste hauler software Irving Texas,Mixed-Service,Roll-Off,managing multiple service lines from one operational system
Garland,TX,garland-tx,waste hauler software Garland Texas,Roll-Off,Commercial,growing container and commercial service operations
Frisco,TX,frisco-tx,waste hauler software Frisco Texas,Commercial,Roll-Off,managing recurring commercial routes and customer accounts
McKinney,TX,mckinney-tx,waste hauler software McKinney Texas,Residential,Commercial,coordinating recurring routes and high-volume service schedules
Amarillo,TX,amarillo-tx,waste hauler software Amarillo Texas,Mixed-Service,Roll-Off,managing multiple service lines from one operational system
Grand Prairie,TX,grand-prairie-tx,waste hauler software Grand Prairie Texas,Roll-Off,Commercial,growing container and commercial service operations
Brownsville,TX,brownsville-tx,waste hauler software Brownsville Texas,Commercial,Roll-Off,managing recurring commercial routes and customer accounts
Killeen,TX,killeen-tx,waste hauler software Killeen Texas,Residential,Commercial,coordinating recurring routes and high-volume service schedules
Pasadena,TX,pasadena-tx,waste hauler software Pasadena Texas,Mixed-Service,Roll-Off,managing multiple service lines from one operational system
Mesquite,TX,mesquite-tx,waste hauler software Mesquite Texas,Roll-Off,Commercial,growing container and commercial service operations
McAllen,TX,mcallen-tx,waste hauler software McAllen Texas,Commercial,Roll-Off,managing recurring commercial routes and customer accounts
Denton,TX,denton-tx,waste hauler software Denton Texas,Residential,Commercial,coordinating recurring routes and high-volume service schedules
Waco,TX,waco-tx,waste hauler software Waco Texas,Mixed-Service,Roll-Off,managing multiple service lines from one operational system
Round Rock,TX,round-rock-tx,waste hauler software Round Rock Texas,Roll-Off,Commercial,growing container and commercial service operations
