city,state,slug,keyword,primary_segment,secondary_segment,market_angle,hero_copy,operations_copy,local_copy,meta_description
Austin,TX,austin-tx,waste hauler software Austin Texas,Roll-Off,Commercial,growing container and commercial service operations,"Give your roll-off operation in Austin one place to manage dispatch, routing, billing, customers, and day-to-day service activity.","Roll-Off and Commercial operators coordinate drivers, customers, service schedules, containers, routes, and billing workflows. TrashLab brings those operational workflows together so teams can spend less time working across disconnected systems.","For operators serving Austin, the challenge is keeping visibility as service complexity grows. TrashLab supports teams managing growing container and commercial service operations without relying on unsupported local assumptions or one-off workflows.","Waste hauler software for Austin, Texas roll-off operators. Manage dispatch, routing, billing, customers, and field operations with TrashLab."
Houston,TX,houston-tx,waste hauler software Houston Texas,Commercial,Roll-Off,managing recurring commercial routes and customer accounts,"Give your commercial operation in Houston one place to manage dispatch, routing, billing, customers, and day-to-day service activity.","Commercial and Roll-Off operators coordinate drivers, customers, service schedules, containers, routes, and billing workflows. TrashLab brings those operational workflows together so teams can spend less time working across disconnected systems.","For operators serving Houston, the challenge is keeping visibility as service complexity grows. TrashLab supports teams managing managing recurring commercial routes and customer accounts without relying on unsupported local assumptions or one-off workflows.","Waste hauler software for Houston, Texas commercial operators. Manage dispatch, routing, billing, customers, and field operations with TrashLab."
Dallas,TX,dallas-tx,waste hauler software Dallas Texas,Residential,Commercial,coordinating recurring routes and high-volume service schedules,"Give your residential operation in Dallas one place to manage dispatch, routing, billing, customers, and day-to-day service activity.","Residential and Commercial operators coordinate drivers, customers, service schedules, containers, routes, and billing workflows. TrashLab brings those operational workflows together so teams can spend less time working across disconnected systems.","For operators serving Dallas, the challenge is keeping visibility as service complexity grows. TrashLab supports teams managing coordinating recurring routes and high-volume service schedules without relying on unsupported local assumptions or one-off workflows.","Waste hauler software for Dallas, Texas residential operators. Manage dispatch, routing, billing, customers, and field operations with TrashLab."
San Antonio,TX,san-antonio-tx,waste hauler software San Antonio Texas,Mixed-Service,Roll-Off,managing multiple service lines from one operational system,"Give your mixed-service operation in San Antonio one place to manage dispatch, routing, billing, customers, and day-to-day service activity.","Mixed-Service and Roll-Off operators coordinate drivers, customers, service schedules, containers, routes, and billing workflows. TrashLab brings those operational workflows together so teams can spend less time working across disconnected systems.","For operators serving San Antonio, the challenge is keeping visibility as service complexity grows. TrashLab supports teams managing managing multiple service lines from one operational system without relying on unsupported local assumptions or one-off workflows.","Waste hauler software for San Antonio, Texas mixed-service operators. Manage dispatch, routing, billing, customers, and field operations with TrashLab."
Fort Worth,TX,fort-worth-tx,waste hauler software Fort Worth Texas,Roll-Off,Commercial,growing container and commercial service operations,"Give your roll-off operation in Fort Worth one place to manage dispatch, routing, billing, customers, and day-to-day service activity.","Roll-Off and Commercial operators coordinate drivers, customers, service schedules, containers, routes, and billing workflows. TrashLab brings those operational workflows together so teams can spend less time working across disconnected systems.","For operators serving Fort Worth, the challenge is keeping visibility as service complexity grows. TrashLab supports teams managing growing container and commercial service operations without relying on unsupported local assumptions or one-off workflows.","Waste hauler software for Fort Worth, Texas roll-off operators. Manage dispatch, routing, billing, customers, and field operations with TrashLab."
El Paso,TX,el-paso-tx,waste hauler software El Paso Texas,Commercial,Roll-Off,managing recurring commercial routes and customer accounts,"Give your commercial operation in El Paso one place to manage dispatch, routing, billing, customers, and day-to-day service activity.","Commercial and Roll-Off operators coordinate drivers, customers, service schedules, containers, routes, and billing workflows. TrashLab brings those operational workflows together so teams can spend less time working across disconnected systems.","For operators serving El Paso, the challenge is keeping visibility as service complexity grows. TrashLab supports teams managing managing recurring commercial routes and customer accounts without relying on unsupported local assumptions or one-off workflows.","Waste hauler software for El Paso, Texas commercial operators. Manage dispatch, routing, billing, customers, and field operations with TrashLab."
Arlington,TX,arlington-tx,waste hauler software Arlington Texas,Residential,Commercial,coordinating recurring routes and high-volume service schedules,"Give your residential operation in Arlington one place to manage dispatch, routing, billing, customers, and day-to-day service activity.","Residential and Commercial operators coordinate drivers, customers, service schedules, containers, routes, and billing workflows. TrashLab brings those operational workflows together so teams can spend less time working across disconnected systems.","For operators serving Arlington, the challenge is keeping visibility as service complexity grows. TrashLab supports teams managing coordinating recurring routes and high-volume service schedules without relying on unsupported local assumptions or one-off workflows.","Waste hauler software for Arlington, Texas residential operators. Manage dispatch, routing, billing, customers, and field operations with TrashLab."
Corpus Christi,TX,corpus-christi-tx,waste hauler software Corpus Christi Texas,Mixed-Service,Roll-Off,managing multiple service lines from one operational system,"Give your mixed-service operation in Corpus Christi one place to manage dispatch, routing, billing, customers, and day-to-day service activity.","Mixed-Service and Roll-Off operators coordinate drivers, customers, service schedules, containers, routes, and billing workflows. TrashLab brings those operational workflows together so teams can spend less time working across disconnected systems.","For operators serving Corpus Christi, the challenge is keeping visibility as service complexity grows. TrashLab supports teams managing managing multiple service lines from one operational system without relying on unsupported local assumptions or one-off workflows.","Waste hauler software for Corpus Christi, Texas mixed-service operators. Manage dispatch, routing, billing, customers, and field operations with TrashLab."
Plano,TX,plano-tx,waste hauler software Plano Texas,Roll-Off,Commercial,growing container and commercial service operations,"Give your roll-off operation in Plano one place to manage dispatch, routing, billing, customers, and day-to-day service activity.","Roll-Off and Commercial operators coordinate drivers, customers, service schedules, containers, routes, and billing workflows. TrashLab brings those operational workflows together so teams can spend less time working across disconnected systems.","For operators serving Plano, the challenge is keeping visibility as service complexity grows. TrashLab supports teams managing growing container and commercial service operations without relying on unsupported local assumptions or one-off workflows.","Waste hauler software for Plano, Texas roll-off operators. Manage dispatch, routing, billing, customers, and field operations with TrashLab."
Lubbock,TX,lubbock-tx,waste hauler software Lubbock Texas,Commercial,Roll-Off,managing recurring commercial routes and customer accounts,"Give your commercial operation in Lubbock one place to manage dispatch, routing, billing, customers, and day-to-day service activity.","Commercial and Roll-Off operators coordinate drivers, customers, service schedules, containers, routes, and billing workflows. TrashLab brings those operational workflows together so teams can spend less time working across disconnected systems.","For operators serving Lubbock, the challenge is keeping visibility as service complexity grows. TrashLab supports teams managing managing recurring commercial routes and customer accounts without relying on unsupported local assumptions or one-off workflows.","Waste hauler software for Lubbock, Texas commercial operators. Manage dispatch, routing, billing, customers, and field operations with TrashLab."
Laredo,TX,laredo-tx,waste hauler software Laredo Texas,Residential,Commercial,coordinating recurring routes and high-volume service schedules,"Give your residential operation in Laredo one place to manage dispatch, routing, billing, customers, and day-to-day service activity.","Residential and Commercial operators coordinate drivers, customers, service schedules, containers, routes, and billing workflows. TrashLab brings those operational workflows together so teams can spend less time working across disconnected systems.","For operators serving Laredo, the challenge is keeping visibility as service complexity grows. TrashLab supports teams managing coordinating recurring routes and high-volume service schedules without relying on unsupported local assumptions or one-off workflows.","Waste hauler software for Laredo, Texas residential operators. Manage dispatch, routing, billing, customers, and field operations with TrashLab."
Irving,TX,irving-tx,waste hauler software Irving Texas,Mixed-Service,Roll-Off,managing multiple service lines from one operational system,"Give your mixed-service operation in Irving one place to manage dispatch, routing, billing, customers, and day-to-day service activity.","Mixed-Service and Roll-Off operators coordinate drivers, customers, service schedules, containers, routes, and billing workflows. TrashLab brings those operational workflows together so teams can spend less time working across disconnected systems.","For operators serving Irving, the challenge is keeping visibility as service complexity grows. TrashLab supports teams managing managing multiple service lines from one operational system without relying on unsupported local assumptions or one-off workflows.","Waste hauler software for Irving, Texas mixed-service operators. Manage dispatch, routing, billing, customers, and field operations with TrashLab."
Garland,TX,garland-tx,waste hauler software Garland Texas,Roll-Off,Commercial,growing container and commercial service operations,"Give your roll-off operation in Garland one place to manage dispatch, routing, billing, customers, and day-to-day service activity.","Roll-Off and Commercial operators coordinate drivers, customers, service schedules, containers, routes, and billing workflows. TrashLab brings those operational workflows together so teams can spend less time working across disconnected systems.","For operators serving Garland, the challenge is keeping visibility as service complexity grows. TrashLab supports teams managing growing container and commercial service operations without relying on unsupported local assumptions or one-off workflows.","Waste hauler software for Garland, Texas roll-off operators. Manage dispatch, routing, billing, customers, and field operations with TrashLab."
Frisco,TX,frisco-tx,waste hauler software Frisco Texas,Commercial,Roll-Off,managing recurring commercial routes and customer accounts,"Give your commercial operation in Frisco one place to manage dispatch, routing, billing, customers, and day-to-day service activity.","Commercial and Roll-Off operators coordinate drivers, customers, service schedules, containers, routes, and billing workflows. TrashLab brings those operational workflows together so teams can spend less time working across disconnected systems.","For operators serving Frisco, the challenge is keeping visibility as service complexity grows. TrashLab supports teams managing managing recurring commercial routes and customer accounts without relying on unsupported local assumptions or one-off workflows.","Waste hauler software for Frisco, Texas commercial operators. Manage dispatch, routing, billing, customers, and field operations with TrashLab."
McKinney,TX,mckinney-tx,waste hauler software McKinney Texas,Residential,Commercial,coordinating recurring routes and high-volume service schedules,"Give your residential operation in McKinney one place to manage dispatch, routing, billing, customers, and day-to-day service activity.","Residential and Commercial operators coordinate drivers, customers, service schedules, containers, routes, and billing workflows. TrashLab brings those operational workflows together so teams can spend less time working across disconnected systems.","For operators serving McKinney, the challenge is keeping visibility as service complexity grows. TrashLab supports teams managing coordinating recurring routes and high-volume service schedules without relying on unsupported local assumptions or one-off workflows.","Waste hauler software for McKinney, Texas residential operators. Manage dispatch, routing, billing, customers, and field operations with TrashLab."
Amarillo,TX,amarillo-tx,waste hauler software Amarillo Texas,Mixed-Service,Roll-Off,managing multiple service lines from one operational system,"Give your mixed-service operation in Amarillo one place to manage dispatch, routing, billing, customers, and day-to-day service activity.","Mixed-Service and Roll-Off operators coordinate drivers, customers, service schedules, containers, routes, and billing workflows. TrashLab brings those operational workflows together so teams can spend less time working across disconnected systems.","For operators serving Amarillo, the challenge is keeping visibility as service complexity grows. TrashLab supports teams managing managing multiple service lines from one operational system without relying on unsupported local assumptions or one-off workflows.","Waste hauler software for Amarillo, Texas mixed-service operators. Manage dispatch, routing, billing, customers, and field operations with TrashLab."
Grand Prairie,TX,grand-prairie-tx,waste hauler software Grand Prairie Texas,Roll-Off,Commercial,growing container and commercial service operations,"Give your roll-off operation in Grand Prairie one place to manage dispatch, routing, billing, customers, and day-to-day service activity.","Roll-Off and Commercial operators coordinate drivers, customers, service schedules, containers, routes, and billing workflows. TrashLab brings those operational workflows together so teams can spend less time working across disconnected systems.","For operators serving Grand Prairie, the challenge is keeping visibility as service complexity grows. TrashLab supports teams managing growing container and commercial service operations without relying on unsupported local assumptions or one-off workflows.","Waste hauler software for Grand Prairie, Texas roll-off operators. Manage dispatch, routing, billing, customers, and field operations with TrashLab."
Brownsville,TX,brownsville-tx,waste hauler software Brownsville Texas,Commercial,Roll-Off,managing recurring commercial routes and customer accounts,"Give your commercial operation in Brownsville one place to manage dispatch, routing, billing, customers, and day-to-day service activity.","Commercial and Roll-Off operators coordinate drivers, customers, service schedules, containers, routes, and billing workflows. TrashLab brings those operational workflows together so teams can spend less time working across disconnected systems.","For operators serving Brownsville, the challenge is keeping visibility as service complexity grows. TrashLab supports teams managing managing recurring commercial routes and customer accounts without relying on unsupported local assumptions or one-off workflows.","Waste hauler software for Brownsville, Texas commercial operators. Manage dispatch, routing, billing, customers, and field operations with TrashLab."
Killeen,TX,killeen-tx,waste hauler software Killeen Texas,Residential,Commercial,coordinating recurring routes and high-volume service schedules,"Give your residential operation in Killeen one place to manage dispatch, routing, billing, customers, and day-to-day service activity.","Residential and Commercial operators coordinate drivers, customers, service schedules, containers, routes, and billing workflows. TrashLab brings those operational workflows together so teams can spend less time working across disconnected systems.","For operators serving Killeen, the challenge is keeping visibility as service complexity grows. TrashLab supports teams managing coordinating recurring routes and high-volume service schedules without relying on unsupported local assumptions or one-off workflows.","Waste hauler software for Killeen, Texas residential operators. Manage dispatch, routing, billing, customers, and field operations with TrashLab."
Pasadena,TX,pasadena-tx,waste hauler software Pasadena Texas,Mixed-Service,Roll-Off,managing multiple service lines from one operational system,"Give your mixed-service operation in Pasadena one place to manage dispatch, routing, billing, customers, and day-to-day service activity.","Mixed-Service and Roll-Off operators coordinate drivers, customers, service schedules, containers, routes, and billing workflows. TrashLab brings those operational workflows together so teams can spend less time working across disconnected systems.","For operators serving Pasadena, the challenge is keeping visibility as service complexity grows. TrashLab supports teams managing managing multiple service lines from one operational system without relying on unsupported local assumptions or one-off workflows.","Waste hauler software for Pasadena, Texas mixed-service operators. Manage dispatch, routing, billing, customers, and field operations with TrashLab."
Mesquite,TX,mesquite-tx,waste hauler software Mesquite Texas,Roll-Off,Commercial,growing container and commercial service operations,"Give your roll-off operation in Mesquite one place to manage dispatch, routing, billing, customers, and day-to-day service activity.","Roll-Off and Commercial operators coordinate drivers, customers, service schedules, containers, routes, and billing workflows. TrashLab brings those operational workflows together so teams can spend less time working across disconnected systems.","For operators serving Mesquite, the challenge is keeping visibility as service complexity grows. TrashLab supports teams managing growing container and commercial service operations without relying on unsupported local assumptions or one-off workflows.","Waste hauler software for Mesquite, Texas roll-off operators. Manage dispatch, routing, billing, customers, and field operations with TrashLab."
McAllen,TX,mcallen-tx,waste hauler software McAllen Texas,Commercial,Roll-Off,managing recurring commercial routes and customer accounts,"Give your commercial operation in McAllen one place to manage dispatch, routing, billing, customers, and day-to-day service activity.","Commercial and Roll-Off operators coordinate drivers, customers, service schedules, containers, routes, and billing workflows. TrashLab brings those operational workflows together so teams can spend less time working across disconnected systems.","For operators serving McAllen, the challenge is keeping visibility as service complexity grows. TrashLab supports teams managing managing recurring commercial routes and customer accounts without relying on unsupported local assumptions or one-off workflows.","Waste hauler software for McAllen, Texas commercial operators. Manage dispatch, routing, billing, customers, and field operations with TrashLab."
Denton,TX,denton-tx,waste hauler software Denton Texas,Residential,Commercial,coordinating recurring routes and high-volume service schedules,"Give your residential operation in Denton one place to manage dispatch, routing, billing, customers, and day-to-day service activity.","Residential and Commercial operators coordinate drivers, customers, service schedules, containers, routes, and billing workflows. TrashLab brings those operational workflows together so teams can spend less time working across disconnected systems.","For operators serving Denton, the challenge is keeping visibility as service complexity grows. TrashLab supports teams managing coordinating recurring routes and high-volume service schedules without relying on unsupported local assumptions or one-off workflows.","Waste hauler software for Denton, Texas residential operators. Manage dispatch, routing, billing, customers, and field operations with TrashLab."
Waco,TX,waco-tx,waste hauler software Waco Texas,Mixed-Service,Roll-Off,managing multiple service lines from one operational system,"Give your mixed-service operation in Waco one place to manage dispatch, routing, billing, customers, and day-to-day service activity.","Mixed-Service and Roll-Off operators coordinate drivers, customers, service schedules, containers, routes, and billing workflows. TrashLab brings those operational workflows together so teams can spend less time working across disconnected systems.","For operators serving Waco, the challenge is keeping visibility as service complexity grows. TrashLab supports teams managing managing multiple service lines from one operational system without relying on unsupported local assumptions or one-off workflows.","Waste hauler software for Waco, Texas mixed-service operators. Manage dispatch, routing, billing, customers, and field operations with TrashLab."
Round Rock,TX,round-rock-tx,waste hauler software Round Rock Texas,Roll-Off,Commercial,growing container and commercial service operations,"Give your roll-off operation in Round Rock one place to manage dispatch, routing, billing, customers, and day-to-day service activity.","Roll-Off and Commercial operators coordinate drivers, customers, service schedules, containers, routes, and billing workflows. TrashLab brings those operational workflows together so teams can spend less time working across disconnected systems.","For operators serving Round Rock, the challenge is keeping visibility as service complexity grows. TrashLab supports teams managing growing container and commercial service operations without relying on unsupported local assumptions or one-off workflows.","Waste hauler software for Round Rock, Texas roll-off operators. Manage dispatch, routing, billing, customers, and field operations with TrashLab."
